inverse tau,conductance
144.1,0.007142857
82.99,0.004166667
58.28,0.002941176
45.74,0.002272727
37.24,0.001851852
